Method,Job,AnalyzeLaunchVariance,EvaluateOverhead,MaxAbsoluteError,MaxRelativeError,MinInvokeCount,MinIterationTime,OutlierMode,Affinity,EnvironmentVariables,Jit,LargeAddressAware,Platform,PowerPlanMode,Runtime,AllowVeryLargeObjects,Concurrent,CpuGroups,Force,HeapAffinitizeMask,HeapCount,NoAffinitize,RetainVm,Server,Arguments,BuildConfiguration,Clock,EngineFactory,NuGetReferences,Toolchain,IsMutator,InvocationCount,IterationCount,IterationTime,LaunchCount,MaxIterationCount,MaxWarmupIterationCount,MemoryRandomization,MinIterationCount,MinWarmupIterationCount,RunStrategy,UnrollFactor,WarmupCount,TargetCount,Mean,Error,StdDev,Ratio,RatioSD,Completed Work Items,Lock Contentions
Sequential,Job-LVEFGF,False,Default,Default,Default,Default,Default,Default,00000000,Empty,RyuJit,Default,Arm64,8c5e7fda-e8bf-4a96-9a85-a6e23a8c635c,.NET 9.0,False,True,False,True,Default,Default,False,False,False,Default,Default,Default,Default,Default,Default,Default,Default,15,Default,3,Default,Default,Default,Default,Default,Default,16,5,5000,625.8 μs,2.41 μs,4.35 μs,1.00,0.01,0.0000,0.0000
ParallelFor,Job-LVEFGF,False,Default,Default,Default,Default,Default,Default,00000000,Empty,RyuJit,Default,Arm64,8c5e7fda-e8bf-4a96-9a85-a6e23a8c635c,.NET 9.0,False,True,False,True,Default,Default,False,False,False,Default,Default,Default,Default,Default,Default,Default,Default,15,Default,3,Default,Default,Default,Default,Default,Default,16,5,5000,411.7 μs,4.81 μs,8.92 μs,0.66,0.01,8.7593,0.0000
Plinq,Job-LVEFGF,False,Default,Default,Default,Default,Default,Default,00000000,Empty,RyuJit,Default,Arm64,8c5e7fda-e8bf-4a96-9a85-a6e23a8c635c,.NET 9.0,False,True,False,True,Default,Default,False,False,False,Default,Default,Default,Default,Default,Default,Default,Default,15,Default,3,Default,Default,Default,Default,Default,Default,16,5,5000,455.2 μs,5.09 μs,9.05 μs,0.73,0.02,7.0000,0.0005
Sequential,Job-LVEFGF,False,Default,Default,Default,Default,Default,Default,00000000,Empty,RyuJit,Default,Arm64,8c5e7fda-e8bf-4a96-9a85-a6e23a8c635c,.NET 9.0,False,True,False,True,Default,Default,False,False,False,Default,Default,Default,Default,Default,Default,Default,Default,15,Default,3,Default,Default,Default,Default,Default,Default,16,5,100000,"13,130.9 μs",170.59 μs,311.94 μs,1.00,0.03,0.0000,0.0000
ParallelFor,Job-LVEFGF,False,Default,Default,Default,Default,Default,Default,00000000,Empty,RyuJit,Default,Arm64,8c5e7fda-e8bf-4a96-9a85-a6e23a8c635c,.NET 9.0,False,True,False,True,Default,Default,False,False,False,Default,Default,Default,Default,Default,Default,Default,Default,15,Default,3,Default,Default,Default,Default,Default,Default,16,5,100000,"10,017.6 μs",133.59 μs,247.62 μs,0.76,0.03,17.6875,0.0000
Plinq,Job-LVEFGF,False,Default,Default,Default,Default,Default,Default,00000000,Empty,RyuJit,Default,Arm64,8c5e7fda-e8bf-4a96-9a85-a6e23a8c635c,.NET 9.0,False,True,False,True,Default,Default,False,False,False,Default,Default,Default,Default,Default,Default,Default,Default,15,Default,3,Default,Default,Default,Default,Default,Default,16,5,100000,"8,268.9 μs",75.80 μs,138.60 μs,0.63,0.02,7.0000,0.0000
Sequential,Job-LVEFGF,False,Default,Default,Default,Default,Default,Default,00000000,Empty,RyuJit,Default,Arm64,8c5e7fda-e8bf-4a96-9a85-a6e23a8c635c,.NET 9.0,False,True,False,True,Default,Default,False,False,False,Default,Default,Default,Default,Default,Default,Default,Default,15,Default,3,Default,Default,Default,Default,Default,Default,16,5,1000000,"137,966.0 μs","4,600.76 μs","8,527.80 μs",1.00,0.09,0.0000,0.0000
ParallelFor,Job-LVEFGF,False,Default,Default,Default,Default,Default,Default,00000000,Empty,RyuJit,Default,Arm64,8c5e7fda-e8bf-4a96-9a85-a6e23a8c635c,.NET 9.0,False,True,False,True,Default,Default,False,False,False,Default,Default,Default,Default,Default,Default,Default,Default,15,Default,3,Default,Default,Default,Default,Default,Default,16,5,1000000,"90,024.7 μs","2,194.89 μs","4,122.54 μs",0.65,0.05,17.1667,0.0000
Plinq,Job-LVEFGF,False,Default,Default,Default,Default,Default,Default,00000000,Empty,RyuJit,Default,Arm64,8c5e7fda-e8bf-4a96-9a85-a6e23a8c635c,.NET 9.0,False,True,False,True,Default,Default,False,False,False,Default,Default,Default,Default,Default,Default,Default,Default,15,Default,3,Default,Default,Default,Default,Default,Default,16,5,1000000,"78,474.1 μs","3,027.67 μs","5,536.26 μs",0.57,0.05,7.0000,0.0000
